regime,stock_rows,gross_pnl,net_pnl
event_window,167523,0.0,-82568.38379446775
abnormal_zone,63583,0.0,-231941.15722147928
normal_minutes,751246,9151567933.014744,9144393588.398363
