abs_z_bucket,observations,avg_next_bar_gross_pnl,avg_next_bar_net_pnl,avg_spread,avg_trade_notional
"[0,1)",0,,,,
"[1,1.5)",246736,35013.38149152183,34998.71957909647,0.2248843487726346,34321.64298137333
"[1.5,2)",35958,6152.258522233822,6122.019899436953,0.43285878075922785,66496.04811379824
"[2,3)",21,8089.064369652471,8071.405378509909,0.521841903087745,34347.391302737604
"[3,+)",0,,,,
